0x67b5e656f09a4b37481fff13f890f1d4dbdfaa1f78959c712115dc885296ac9b,2019-03-05 05:19:48
0xfcc356626928c3d1516a4be2feb7ac41b79de236b8b1e9da7dd76de0e6b8a190,2019-03-05 05:23:33
0xedc2fc78ac4b6a04ef5fec8d6cfa9897c33b2d0adb5931f0f354f75b4c1cc3e3,2019-03-05 05:25:03
0x80d145f27511d137ba3e80f40fc00ca044dbde8ab34d16e3997c3be90fa5b411,2019-03-05 05:26:03
0xc286b57c845eb12d9c74657a609f0f937624ce62f8b2f6a200cf03787894fb97,2019-03-05 05:26:33
0x25109786608735e30b8e6c25aa96d0ec9770d7cb739448106b38cf1d79d911ac,2019-03-05 05:27:48
0x2ae4d93635f0ee47ad3530ed20d3f38aab11dca763f94a91cb078b941db3f777,2019-03-05 05:30:18
0xfa03ab5293dd42e314ca8e584d04821d2a8e791ef548cc591458c626aa802665,2019-03-05 05:31:03
0x34d1ca401a15729b795490e9ed096227808e85a0edfb6f9a5fb85e4cd6abf81c,2019-03-05 05:32:48
0x24e04c374317d790e3d90bb5a47d0c89cad2f4b91b1e2fe89112e9f46c06ce3a,2019-03-05 05:33:18
0x4b6be075cd96cb089802035d67d2e46d0cc4fb3f00ecb30f0afd2937f6eb5bb4,2019-03-05 05:34:18
0x0d6ac8856daeb6e809df557ddc2d7357d853f595f59287488b300cd1fe7cfca2,2019-03-05 05:35:48
0xd224b6b9efae9a98c3c4fd7f89dbf2ea99932ea0988a0eb6847e6fa56688be97,2019-03-05 05:36:18
0x1d22ebecc4b7f3d6451884c9d2ca0c1f28fc8dd3842d2c0706939df72acdbc72,2019-03-05 05:36:18
0x48643ace1814898892e71f840af858c1d25a87090765eb8730d0c467a0e2724f,2019-03-05 05:39:48
0x4ade7319c19ade915e707fa2a88f2ede46c669e18c483d4a330b117a564d482d,2019-03-05 05:40:33
0xc3d5a53b9d6bd1358854887ab43c8c2ca7ad956512e6c32b9650ec45b38697e6,2019-03-05 05:42:48
0x0b7b3e39c4686266495c92aac9e15b6ccbf4cd160d9f64bdcc9fec05bce3320e,2019-03-05 05:51:18
0x4be082f4c1a8187d2629c3740ba61174001c2cf8616f95e0253e25633479cb40,2019-03-05 06:01:18
0x9f79623a0c3361b2db80c8142b9144a8b6c264890b9553953189b030a7130495,2019-03-05 06:02:03
0x3d5042a4c7b155abddb25e71c08fb2c7aa20affa804c0c690a97b3e04372532f,2019-03-05 06:02:33
0x33393c2a76f8b789cd79cf798c5cf990435f962c14ba289c3075a142ab083c0e,2019-03-05 06:03:03
0xacc7c33487d6b8a74dcf75869a6d787d9e70089c5a500e3b625a7def60abaa78,2019-03-05 06:03:33
0xc29c217dee309148d19b21a433ac45512081eee9fe19a4c300076b75c3782b55,2019-03-05 06:04:18
0xa77878ca76b702b36141a0032739ce6da6d606eb2e3e23e8defc0db1f2bfd743,2019-03-05 06:05:18
0x7793b65d25e3a23e0e2d8e09a3f2c61aa62c2643fb1bdc1c6c382c6ded1eb5d0,2019-03-05 06:06:03
0x03b98d837e228f929bc3ee3970cc60c6198cb884a24529d47bc8191a39ed684c,2019-03-05 06:06:33
0x4c37e673e25dd8d1aba3bf45af3ab4d0794f43673a038d173033b2b8ab5ab39b,2019-03-05 06:07:03
0xcccbe39b032f1d82044bdeabc4b4d427104755c8506bf85b1858cb18e8b4974c,2019-03-06 06:23:55
0x5030d2bb27a8fd568a5b67cf26272a858ccfd7c5bfcb64fb06568f87e854d9f3,2019-03-06 06:25:10
0x9f5017b180f2c236ede02f4e35254c00e25cf1770a46d3976c3f4d99d424611a,2019-03-06 06:26:10
0x1474edb02552692cb72aba5422f88733e20b40d8dbdec61883cfcfed88df3d01,2019-03-06 06:26:10
0x34d6fb87cd97afa578cdd8a0b6f14b0bd565b4d00033fde1a79e5234069f1757,2019-03-06 06:26:25
0x772bc8e49d545597acb05524b870a4c11713457b3646413a102541bf79de19a3,2019-03-06 06:28:40
0x1a2eed33430487064ac89320239d567ab16cee437a1d7444fa7536cc2dfc8e8c,2019-03-06 06:29:55
0x4bde90afbdd15ba01daf918958023297ece43c258912c7682c6f5eacdda55b3d,2019-03-06 06:30:55
0xe5effc113e42c755bce96688cd6bac65ed0098f77fd457ac48ba638ed1258d02,2019-03-06 06:30:55
0xf05852344497dbae17848495c12b0d4a8557aa53bacaf6afcb556d9ce3f8b4dc,2019-03-06 06:31:25
0x827843945f6665d83997fb3b95515aecd8ea4ddcde290935a8c6c85113a03f2c,2019-03-06 06:31:25
0x9234b399566f3fe42ab00c6646406d60296834ceb656c6fec6533fd8b4acb734,2019-03-06 06:35:55
0x6163b61afd43891771b9519fe50c1f3edbd6e43d1c4ddf9dd183ae11b9d109e1,2019-03-06 06:36:25
0x2cabb7efd7900ca35856f762bbfecc50265c7b1dc166c81e40a51eebb78b4f7f,2019-03-06 06:37:25
0xf2c44090f86522d31670691a22f6730e7af9c257fe6eb045bb9f3bc80610c1cc,2019-03-06 06:37:55
0x897df2f6c0daf5ae27db4af5b80228d6b1c96fe1bca995cd77c2cd2a223eab6b,2019-03-06 06:38:55
0x8b606bc91b9f9cdc0646c3060de4fd65717181c4b3ee6e6743bce8e88c8f5020,2019-03-06 06:42:55
0x5b74cea95ff88dc71ddc3ea01f21eb39441e68766cb0e4425ddf726acfa5548b,2019-03-06 06:43:25
0x32a154cfc48d9e64edbafddd94dc2a5d67a7b1fa1865c2dbc8468a4073035753,2019-03-06 06:44:10
0x6e516a9a5c65003b2d2979c610744b05f0521e7b409d05e250926a1c94c4c8ee,2019-03-06 06:45:55
0xa27de5bd41e0b0a1b2e4a01f1ed21ee50fed70afcd52ecc0671565329df2d92d,2019-03-06 06:46:40
0x6d89ac38088e4ab6e89bab2adb662c04687e678c30ed610e29ffdddbabf39908,2019-03-06 06:47:25
0x9597876160c528a293c9b4c05cf058c289ed69bd91798574ec46883a29fcfa0d,2019-03-06 06:48:10
0x74c0d831ded6951a573a19bc2364eea0a5d26a38f38ba7d941016fd049938b13,2019-03-06 07:00:56
0x43cbe3b9945711973ce38f61a67be998140deec7bb74e99fdd34cdda500916f0,2019-03-06 07:01:56
0xa58cc47632915218f0000d4fce92ee773c918590d872439ba78c7d88d9f858be,2019-03-06 07:02:56
0x04e49531e36809d3f3e5ccd12a9880024d7eb3f37d16c7b4f83f3e2906767965,2019-03-06 07:03:26
0x0d142c64ee28ef4663c1d00923ef5b89394c0365c80752e6592a0ed9d8e3b69c,2019-03-06 07:03:56
0x605a76e96573a81cebe0bf3948d89edabc2fe472c9fcad400f1322228a5dad44,2019-03-22 06:08:25
0x09b1c5e55b5ebb9a6dbfe85af1af9017e0a4462ec623d30ce1690e5e1dd1ecff,2019-03-22 06:10:55
0xf768dd99375235df36c3afbae22c84a5e4dd99cbf1f7b15d6d64a4d9fc506223,2019-03-22 06:13:40
0x625983d9a1c29172e8254023f26ddff9845260071542874432f97f69d750c3e8,2019-03-22 06:14:10
0x861426924cf6650fb357f3627f47be9069f78f963f121d601f8a7fa3e0f2e834,2019-03-25 01:39:00
