"Txhash","Blockno","UnixTimestamp","DateTime","From","To","ContractAddress","Value_IN(ETH)","Value_OUT(ETH)","CurrentValue @ $0/Eth","TxnFee(ETH)","TxnFee(USD)","Historical $Price/Eth","Status","ErrCode"
"0x67b5e656f09a4b37481fff13f890f1d4dbdfaa1f78959c712115dc885296ac9b","3978485","1551806388","3/5/2019 5:19:48 PM","0x97268276ce11888fbe2a7ad9048bb626639d57f8","","0x711fea9ea1e4b8ce9a1536dbdb33816a7cc4aacc","0","0","0","0.002827394","0","","","",""
"0xfcc356626928c3d1516a4be2feb7ac41b79de236b8b1e9da7dd76de0e6b8a190","3978500","1551806613","3/5/2019 5:23:33 PM","0x97268276ce11888fbe2a7ad9048bb626639d57f8","0x711fea9ea1e4b8ce9a1536dbdb33816a7cc4aacc","","0.05","0","0","0.000064852","0","","","",""
"0xedc2fc78ac4b6a04ef5fec8d6cfa9897c33b2d0adb5931f0f354f75b4c1cc3e3","3978506","1551806703","3/5/2019 5:25:03 PM","0x208b2ce12bc073d5a8213e6bee8b711c02d63383","0x711fea9ea1e4b8ce9a1536dbdb33816a7cc4aacc","","0","0","0","0.000125767","0","","","",""
"0x80d145f27511d137ba3e80f40fc00ca044dbde8ab34d16e3997c3be90fa5b411","3978510","1551806763","3/5/2019 5:26:03 PM","0x208b2ce12bc073d5a8213e6bee8b711c02d63383","0x711fea9ea1e4b8ce9a1536dbdb33816a7cc4aacc","","0","0","0","0.000108508","0","","","",""
"0xc286b57c845eb12d9c74657a609f0f937624ce62f8b2f6a200cf03787894fb97","3978512","1551806793","3/5/2019 5:26:33 PM","0x3ba63a2fd8efbf2be231f2a28ac026f7536cd8ed","0x711fea9ea1e4b8ce9a1536dbdb33816a7cc4aacc","","0","0","0","0.000095767","0","","","",""
"0x25109786608735e30b8e6c25aa96d0ec9770d7cb739448106b38cf1d79d911ac","3978517","1551806868","3/5/2019 5:27:48 PM","0x3ba63a2fd8efbf2be231f2a28ac026f7536cd8ed","0x711fea9ea1e4b8ce9a1536dbdb33816a7cc4aacc","","0","0","0","0.000078508","0","","","",""
"0x2ae4d93635f0ee47ad3530ed20d3f38aab11dca763f94a91cb078b941db3f777","3978527","1551807018","3/5/2019 5:30:18 PM","0x713c508b89a701c9a0bf1c85a7bae8383c4f0fb0","0x711fea9ea1e4b8ce9a1536dbdb33816a7cc4aacc","","0","0","0","0.000095767","0","","","",""
"0xfa03ab5293dd42e314ca8e584d04821d2a8e791ef548cc591458c626aa802665","3978530","1551807063","3/5/2019 5:31:03 PM","0x713c508b89a701c9a0bf1c85a7bae8383c4f0fb0","0x711fea9ea1e4b8ce9a1536dbdb33816a7cc4aacc","","0","0","0","0.000078508","0","","","",""
"0x34d1ca401a15729b795490e9ed096227808e85a0edfb6f9a5fb85e4cd6abf81c","3978537","1551807168","3/5/2019 5:32:48 PM","0x892a5751da831702da092734ca71be37fe6ef667","0x711fea9ea1e4b8ce9a1536dbdb33816a7cc4aacc","","0","0","0","0.000095767","0","","","",""
"0x24e04c374317d790e3d90bb5a47d0c89cad2f4b91b1e2fe89112e9f46c06ce3a","3978539","1551807198","3/5/2019 5:33:18 PM","0x892a5751da831702da092734ca71be37fe6ef667","0x711fea9ea1e4b8ce9a1536dbdb33816a7cc4aacc","","0","0","0","0.000078508","0","","","",""
"0x4b6be075cd96cb089802035d67d2e46d0cc4fb3f00ecb30f0afd2937f6eb5bb4","3978543","1551807258","3/5/2019 5:34:18 PM","0x97268276ce11888fbe2a7ad9048bb626639d57f8","0x711fea9ea1e4b8ce9a1536dbdb33816a7cc4aacc","","0","0","0","0.000175428","0","","","",""
"0x0d6ac8856daeb6e809df557ddc2d7357d853f595f59287488b300cd1fe7cfca2","3978549","1551807348","3/5/2019 5:35:48 PM","0x713c508b89a701c9a0bf1c85a7bae8383c4f0fb0","0x711fea9ea1e4b8ce9a1536dbdb33816a7cc4aacc","","0","0","0","0.000019328","0","","","",""
"0xd224b6b9efae9a98c3c4fd7f89dbf2ea99932ea0988a0eb6847e6fa56688be97","3978551","1551807378","3/5/2019 5:36:18 PM","0x892a5751da831702da092734ca71be37fe6ef667","0x711fea9ea1e4b8ce9a1536dbdb33816a7cc4aacc","","0","0","0","0.000019328","0","","","",""
"0x1d22ebecc4b7f3d6451884c9d2ca0c1f28fc8dd3842d2c0706939df72acdbc72","3978551","1551807378","3/5/2019 5:36:18 PM","0x892a5751da831702da092734ca71be37fe6ef667","0x711fea9ea1e4b8ce9a1536dbdb33816a7cc4aacc","","0","0","0","0.000022828","0","","","",""
"0x48643ace1814898892e71f840af858c1d25a87090765eb8730d0c467a0e2724f","3978565","1551807588","3/5/2019 5:39:48 PM","0x3ba63a2fd8efbf2be231f2a28ac026f7536cd8ed","0x711fea9ea1e4b8ce9a1536dbdb33816a7cc4aacc","","0","0","0","0.000019328","0","","","",""
"0x4ade7319c19ade915e707fa2a88f2ede46c669e18c483d4a330b117a564d482d","3978568","1551807633","3/5/2019 5:40:33 PM","0x208b2ce12bc073d5a8213e6bee8b711c02d63383","0x711fea9ea1e4b8ce9a1536dbdb33816a7cc4aacc","","0","0","0","0.000019328","0","","","",""
"0xc3d5a53b9d6bd1358854887ab43c8c2ca7ad956512e6c32b9650ec45b38697e6","3978577","1551807768","3/5/2019 5:42:48 PM","0x97268276ce11888fbe2a7ad9048bb626639d57f8","0x711fea9ea1e4b8ce9a1536dbdb33816a7cc4aacc","","0","0","0","0.000019328","0","","","",""
"0x0b7b3e39c4686266495c92aac9e15b6ccbf4cd160d9f64bdcc9fec05bce3320e","3978611","1551808278","3/5/2019 5:51:18 PM","0x208b2ce12bc073d5a8213e6bee8b711c02d63383","0x711fea9ea1e4b8ce9a1536dbdb33816a7cc4aacc","","0","0","0","0.000110511","0","","","",""
"0x4be082f4c1a8187d2629c3740ba61174001c2cf8616f95e0253e25633479cb40","3978651","1551808878","3/5/2019 6:01:18 PM","0x97268276ce11888fbe2a7ad9048bb626639d57f8","0x711fea9ea1e4b8ce9a1536dbdb33816a7cc4aacc","","0.05","0","0","0.00004966","0","","","",""
"0x9f79623a0c3361b2db80c8142b9144a8b6c264890b9553953189b030a7130495","3978654","1551808923","3/5/2019 6:02:03 PM","0x208b2ce12bc073d5a8213e6bee8b711c02d63383","0x711fea9ea1e4b8ce9a1536dbdb33816a7cc4aacc","","0","0","0","0.000110575","0","","","",""
"0x3d5042a4c7b155abddb25e71c08fb2c7aa20affa804c0c690a97b3e04372532f","3978656","1551808953","3/5/2019 6:02:33 PM","0x208b2ce12bc073d5a8213e6bee8b711c02d63383","0x711fea9ea1e4b8ce9a1536dbdb33816a7cc4aacc","","0","0","0","0.000108316","0","","","",""
"0x33393c2a76f8b789cd79cf798c5cf990435f962c14ba289c3075a142ab083c0e","3978658","1551808983","3/5/2019 6:03:03 PM","0x3ba63a2fd8efbf2be231f2a28ac026f7536cd8ed","0x711fea9ea1e4b8ce9a1536dbdb33816a7cc4aacc","","0","0","0","0.000080575","0","","","",""
"0xacc7c33487d6b8a74dcf75869a6d787d9e70089c5a500e3b625a7def60abaa78","3978660","1551809013","3/5/2019 6:03:33 PM","0x3ba63a2fd8efbf2be231f2a28ac026f7536cd8ed","0x711fea9ea1e4b8ce9a1536dbdb33816a7cc4aacc","","0","0","0","0.000078316","0","","","",""
"0xc29c217dee309148d19b21a433ac45512081eee9fe19a4c300076b75c3782b55","3978663","1551809058","3/5/2019 6:04:18 PM","0x713c508b89a701c9a0bf1c85a7bae8383c4f0fb0","0x711fea9ea1e4b8ce9a1536dbdb33816a7cc4aacc","","0","0","0","0.000080575","0","","","",""
"0xa77878ca76b702b36141a0032739ce6da6d606eb2e3e23e8defc0db1f2bfd743","3978667","1551809118","3/5/2019 6:05:18 PM","0x713c508b89a701c9a0bf1c85a7bae8383c4f0fb0","0x711fea9ea1e4b8ce9a1536dbdb33816a7cc4aacc","","0","0","0","0.000078316","0","","","",""
"0x7793b65d25e3a23e0e2d8e09a3f2c61aa62c2643fb1bdc1c6c382c6ded1eb5d0","3978670","1551809163","3/5/2019 6:06:03 PM","0x892a5751da831702da092734ca71be37fe6ef667","0x711fea9ea1e4b8ce9a1536dbdb33816a7cc4aacc","","0","0","0","0.000080575","0","","","",""
"0x03b98d837e228f929bc3ee3970cc60c6198cb884a24529d47bc8191a39ed684c","3978672","1551809193","3/5/2019 6:06:33 PM","0x892a5751da831702da092734ca71be37fe6ef667","0x711fea9ea1e4b8ce9a1536dbdb33816a7cc4aacc","","0","0","0","0.000078316","0","","","",""
"0x4c37e673e25dd8d1aba3bf45af3ab4d0794f43673a038d173033b2b8ab5ab39b","3978674","1551809223","3/5/2019 6:07:03 PM","0x97268276ce11888fbe2a7ad9048bb626639d57f8","0x711fea9ea1e4b8ce9a1536dbdb33816a7cc4aacc","","0","0","0","0.000096052","0","","","",""
"0xcccbe39b032f1d82044bdeabc4b4d427104755c8506bf85b1858cb18e8b4974c","3981621","1551853435","3/6/2019 6:23:55 AM","0x97268276ce11888fbe2a7ad9048bb626639d57f8","0x711fea9ea1e4b8ce9a1536dbdb33816a7cc4aacc","","0.05","0","0","0.000049596","0","","","",""
"0x5030d2bb27a8fd568a5b67cf26272a858ccfd7c5bfcb64fb06568f87e854d9f3","3981626","1551853510","3/6/2019 6:25:10 AM","0x8103f7c4b9f4da5bfc29d6904c5f1acecb510af6","0x711fea9ea1e4b8ce9a1536dbdb33816a7cc4aacc","","0","0","0","0.000125511","0","","","",""
"0x9f5017b180f2c236ede02f4e35254c00e25cf1770a46d3976c3f4d99d424611a","3981630","1551853570","3/6/2019 6:26:10 AM","0x30ec3c5a26be85cc989bf9001ab4680cba198cd3","0x711fea9ea1e4b8ce9a1536dbdb33816a7cc4aacc","","0","0","0","0.000095511","0","","","",""
"0x1474edb02552692cb72aba5422f88733e20b40d8dbdec61883cfcfed88df3d01","3981630","1551853570","3/6/2019 6:26:10 AM","0x8103f7c4b9f4da5bfc29d6904c5f1acecb510af6","0x711fea9ea1e4b8ce9a1536dbdb33816a7cc4aacc","","0","0","0","0.000108252","0","","","",""
"0x34d6fb87cd97afa578cdd8a0b6f14b0bd565b4d00033fde1a79e5234069f1757","3981631","1551853585","3/6/2019 6:26:25 AM","0x30ec3c5a26be85cc989bf9001ab4680cba198cd3","0x711fea9ea1e4b8ce9a1536dbdb33816a7cc4aacc","","0","0","0","0.000050572","0","","","",""
"0x772bc8e49d545597acb05524b870a4c11713457b3646413a102541bf79de19a3","3981640","1551853720","3/6/2019 6:28:40 AM","0x51e82a1eca6493d36e56c1d97bf2caee6501e82f","0x711fea9ea1e4b8ce9a1536dbdb33816a7cc4aacc","","0","0","0","0.000095511","0","","","",""
"0x1a2eed33430487064ac89320239d567ab16cee437a1d7444fa7536cc2dfc8e8c","3981645","1551853795","3/6/2019 6:29:55 AM","0x30ec3c5a26be85cc989bf9001ab4680cba198cd3","0x711fea9ea1e4b8ce9a1536dbdb33816a7cc4aacc","","0","0","0","0.000078252","0","","","",""
"0x4bde90afbdd15ba01daf918958023297ece43c258912c7682c6f5eacdda55b3d","3981649","1551853855","3/6/2019 6:30:55 AM","0xdb829a1240ad36b1891948d243fbe80022eb5032","0x711fea9ea1e4b8ce9a1536dbdb33816a7cc4aacc","","0","0","0","0.000095511","0","","","",""
"0xe5effc113e42c755bce96688cd6bac65ed0098f77fd457ac48ba638ed1258d02","3981649","1551853855","3/6/2019 6:30:55 AM","0x51e82a1eca6493d36e56c1d97bf2caee6501e82f","0x711fea9ea1e4b8ce9a1536dbdb33816a7cc4aacc","","0","0","0","0.000060711","0","","","",""
"0xf05852344497dbae17848495c12b0d4a8557aa53bacaf6afcb556d9ce3f8b4dc","3981651","1551853885","3/6/2019 6:31:25 AM","0xdb829a1240ad36b1891948d243fbe80022eb5032","0x711fea9ea1e4b8ce9a1536dbdb33816a7cc4aacc","","0","0","0","0.00002671","0","","","",""
"0x827843945f6665d83997fb3b95515aecd8ea4ddcde290935a8c6c85113a03f2c","3981651","1551853885","3/6/2019 6:31:25 AM","0x51e82a1eca6493d36e56c1d97bf2caee6501e82f","0x711fea9ea1e4b8ce9a1536dbdb33816a7cc4aacc","","0","0","0","0.00002671","0","","","",""
"0x9234b399566f3fe42ab00c6646406d60296834ceb656c6fec6533fd8b4acb734","3981669","1551854155","3/6/2019 6:35:55 AM","0x51e82a1eca6493d36e56c1d97bf2caee6501e82f","0x711fea9ea1e4b8ce9a1536dbdb33816a7cc4aacc","","0","0","0","0.000065511","0","","","",""
"0x6163b61afd43891771b9519fe50c1f3edbd6e43d1c4ddf9dd183ae11b9d109e1","3981671","1551854185","3/6/2019 6:36:25 AM","0x51e82a1eca6493d36e56c1d97bf2caee6501e82f","0x711fea9ea1e4b8ce9a1536dbdb33816a7cc4aacc","","0","0","0","0.000078252","0","","","",""
"0x2cabb7efd7900ca35856f762bbfecc50265c7b1dc166c81e40a51eebb78b4f7f","3981675","1551854245","3/6/2019 6:37:25 AM","0x2f5414f2e87ebc31728f1eb1356d75f87fe998e7","0x711fea9ea1e4b8ce9a1536dbdb33816a7cc4aacc","","0","0","0","0.000095511","0","","","",""
"0xf2c44090f86522d31670691a22f6730e7af9c257fe6eb045bb9f3bc80610c1cc","3981677","1551854275","3/6/2019 6:37:55 AM","0x2f5414f2e87ebc31728f1eb1356d75f87fe998e7","0x711fea9ea1e4b8ce9a1536dbdb33816a7cc4aacc","","0","0","0","0.000078252","0","","","",""
"0x897df2f6c0daf5ae27db4af5b80228d6b1c96fe1bca995cd77c2cd2a223eab6b","3981681","1551854335","3/6/2019 6:38:55 AM","0x97268276ce11888fbe2a7ad9048bb626639d57f8","0x711fea9ea1e4b8ce9a1536dbdb33816a7cc4aacc","","0","0","0","0.000160172","0","","","",""
"0x8b606bc91b9f9cdc0646c3060de4fd65717181c4b3ee6e6743bce8e88c8f5020","3981697","1551854575","3/6/2019 6:42:55 AM","0x97268276ce11888fbe2a7ad9048bb626639d57f8","0x711fea9ea1e4b8ce9a1536dbdb33816a7cc4aacc","","0.05","0","0","0.00004998","0","","","",""
"0x5b74cea95ff88dc71ddc3ea01f21eb39441e68766cb0e4425ddf726acfa5548b","3981699","1551854605","3/6/2019 6:43:25 AM","0x8103f7c4b9f4da5bfc29d6904c5f1acecb510af6","0x711fea9ea1e4b8ce9a1536dbdb33816a7cc4aacc","","0","0","0","0.000110895","0","","","",""
"0x32a154cfc48d9e64edbafddd94dc2a5d67a7b1fa1865c2dbc8468a4073035753","3981702","1551854650","3/6/2019 6:44:10 AM","0x8103f7c4b9f4da5bfc29d6904c5f1acecb510af6","0x711fea9ea1e4b8ce9a1536dbdb33816a7cc4aacc","","0","0","0","0.000108636","0","","","",""
"0x6e516a9a5c65003b2d2979c610744b05f0521e7b409d05e250926a1c94c4c8ee","3981709","1551854755","3/6/2019 6:45:55 AM","0x51e82a1eca6493d36e56c1d97bf2caee6501e82f","0x711fea9ea1e4b8ce9a1536dbdb33816a7cc4aacc","","0","0","0","0.000080895","0","","","",""
"0xa27de5bd41e0b0a1b2e4a01f1ed21ee50fed70afcd52ecc0671565329df2d92d","3981712","1551854800","3/6/2019 6:46:40 AM","0x51e82a1eca6493d36e56c1d97bf2caee6501e82f","0x711fea9ea1e4b8ce9a1536dbdb33816a7cc4aacc","","0","0","0","0.000078636","0","","","",""
"0x6d89ac38088e4ab6e89bab2adb662c04687e678c30ed610e29ffdddbabf39908","3981715","1551854845","3/6/2019 6:47:25 AM","0x2f5414f2e87ebc31728f1eb1356d75f87fe998e7","0x711fea9ea1e4b8ce9a1536dbdb33816a7cc4aacc","","0","0","0","0.000080895","0","","","",""
"0x9597876160c528a293c9b4c05cf058c289ed69bd91798574ec46883a29fcfa0d","3981718","1551854890","3/6/2019 6:48:10 AM","0x8e2c951c8136e051ff7fa72910a4535a62d1f32d","0x711fea9ea1e4b8ce9a1536dbdb33816a7cc4aacc","","0","0","0","0.000095895","0","","","",""
"0x74c0d831ded6951a573a19bc2364eea0a5d26a38f38ba7d941016fd049938b13","3981769","1551855656","3/6/2019 7:00:56 AM","0x2f5414f2e87ebc31728f1eb1356d75f87fe998e7","0x711fea9ea1e4b8ce9a1536dbdb33816a7cc4aacc","","0","0","0","0.000078636","0","","","",""
"0x43cbe3b9945711973ce38f61a67be998140deec7bb74e99fdd34cdda500916f0","3981773","1551855716","3/6/2019 7:01:56 AM","0x8e2c951c8136e051ff7fa72910a4535a62d1f32d","0x711fea9ea1e4b8ce9a1536dbdb33816a7cc4aacc","","0","0","0","0.000078636","0","","","",""
"0xa58cc47632915218f0000d4fce92ee773c918590d872439ba78c7d88d9f858be","3981777","1551855776","3/6/2019 7:02:56 AM","0x97268276ce11888fbe2a7ad9048bb626639d57f8","0x711fea9ea1e4b8ce9a1536dbdb33816a7cc4aacc","","0","0","0","0.000115556","0","","","",""
"0x04e49531e36809d3f3e5ccd12a9880024d7eb3f37d16c7b4f83f3e2906767965","3981779","1551855806","3/6/2019 7:03:26 AM","0x8e2c951c8136e051ff7fa72910a4535a62d1f32d","0x711fea9ea1e4b8ce9a1536dbdb33816a7cc4aacc","","0","0","0","0.000019328","0","","","",""
"0x0d142c64ee28ef4663c1d00923ef5b89394c0365c80752e6592a0ed9d8e3b69c","3981781","1551855836","3/6/2019 7:03:56 AM","0x2f5414f2e87ebc31728f1eb1356d75f87fe998e7","0x711fea9ea1e4b8ce9a1536dbdb33816a7cc4aacc","","0","0","0","0.000019328","0","","","",""
"0x605a76e96573a81cebe0bf3948d89edabc2fe472c9fcad400f1322228a5dad44","4073707","1553234905","3/22/2019 6:08:25 AM","0x97268276ce11888fbe2a7ad9048bb626639d57f8","0x711fea9ea1e4b8ce9a1536dbdb33816a7cc4aacc","","0.05","0","0","0.000049468","0","","","",""
"0x09b1c5e55b5ebb9a6dbfe85af1af9017e0a4462ec623d30ce1690e5e1dd1ecff","4073717","1553235055","3/22/2019 6:10:55 AM","0x208b2ce12bc073d5a8213e6bee8b711c02d63383","0x711fea9ea1e4b8ce9a1536dbdb33816a7cc4aacc","","0","0","0","0.000110383","0","","","",""
"0xf768dd99375235df36c3afbae22c84a5e4dd99cbf1f7b15d6d64a4d9fc506223","4073728","1553235220","3/22/2019 6:13:40 AM","0x3ba63a2fd8efbf2be231f2a28ac026f7536cd8ed","0x711fea9ea1e4b8ce9a1536dbdb33816a7cc4aacc","","0","0","0","0.000080383","0","","","",""
"0x625983d9a1c29172e8254023f26ddff9845260071542874432f97f69d750c3e8","4073730","1553235250","3/22/2019 6:14:10 AM","0x208b2ce12bc073d5a8213e6bee8b711c02d63383","0x711fea9ea1e4b8ce9a1536dbdb33816a7cc4aacc","","0","0","0","0.000026582","0","","","",""
"0x861426924cf6650fb357f3627f47be9069f78f963f121d601f8a7fa3e0f2e834","4092789","1553521140","3/25/2019 1:39:00 PM","0x208b2ce12bc073d5a8213e6bee8b711c02d63383","0x711fea9ea1e4b8ce9a1536dbdb33816a7cc4aacc","","0.05","0","0","0.000049724","0","","","",""
